id,exchange,coin_name,price,time_str,time_epoch_milli,volume,volume_percentage,fee_type,coin_pair
1954,Binance,BitCoin,9281.7,2019-11-02 04:33:17,1572669197788,398679365.0,0.0166,Percentage,BTC/USDT
1951,Binance,BitCoin,9285.87,2019-11-02 04:33:01,1572669181886,398895614.0,0.0166,Percentage,BTC/USDT
1948,Binance,BitCoin,9285.87,2019-11-02 04:32:45,1572669165851,398895614.0,0.0166,Percentage,BTC/USDT
1945,Binance,BitCoin,9285.87,2019-11-02 04:32:29,1572669149887,398895614.0,0.0166,Percentage,BTC/USDT
1942,Binance,BitCoin,9285.87,2019-11-02 04:32:14,1572669134039,398895614.0,0.0166,Percentage,BTC/USDT
1939,Binance,BitCoin,9286.24,2019-11-02 04:31:57,1572669117897,399034189.0,0.0166,Percentage,BTC/USDT
1936,Binance,BitCoin,9286.24,2019-11-02 04:31:41,1572669101846,399034189.0,0.0166,Percentage,BTC/USDT
1933,Binance,BitCoin,9286.24,2019-11-02 04:31:25,1572669085933,399034189.0,0.0166,Percentage,BTC/USDT
1930,Binance,BitCoin,9280.45,2019-11-02 04:31:10,1572669070070,398788659.0,0.0166,Percentage,BTC/USDT
1927,Binance,BitCoin,9280.45,2019-11-02 04:30:54,1572669054080,398788659.0,0.0166,Percentage,BTC/USDT
1924,Binance,BitCoin,9280.45,2019-11-02 04:30:38,1572669038230,398788659.0,0.0166,Percentage,BTC/USDT
1921,Binance,BitCoin,9280.45,2019-11-02 04:30:22,1572669022365,398788659.0,0.0166,Percentage,BTC/USDT
1918,Binance,BitCoin,9280.45,2019-11-02 04:30:06,1572669006505,398788659.0,0.0166,Percentage,BTC/USDT
1915,Binance,BitCoin,9279.82,2019-11-02 04:29:50,1572668990688,398925231.0,0.0166,Percentage,BTC/USDT
1912,Binance,BitCoin,9279.82,2019-11-02 04:29:34,1572668974753,398925231.0,0.0166,Percentage,BTC/USDT
1909,Binance,BitCoin,9279.82,2019-11-02 04:29:18,1572668958908,398925231.0,0.0166,Percentage,BTC/USDT
1906,Binance,BitCoin,9279.82,2019-11-02 04:29:02,1572668942667,398925231.0,0.0166,Percentage,BTC/USDT
1903,Binance,BitCoin,9285.87,2019-11-02 04:28:46,1572668926817,399172712.0,0.0166,Percentage,BTC/USDT
1900,Binance,BitCoin,9285.87,2019-11-02 04:28:30,1572668910946,399172712.0,0.0166,Percentage,BTC/USDT
1897,Binance,BitCoin,9285.87,2019-11-02 04:28:15,1572668895101,399172712.0,0.0166,Percentage,BTC/USDT
1894,Binance,BitCoin,9285.87,2019-11-02 04:27:59,1572668879067,399172712.0,0.0166,Percentage,BTC/USDT
1891,Binance,BitCoin,9282.71,2019-11-02 04:27:43,1572668863243,398953324.0,0.0166,Percentage,BTC/USDT
1888,Binance,BitCoin,9282.71,2019-11-02 04:27:27,1572668847386,398953324.0,0.0166,Percentage,BTC/USDT
1885,Binance,BitCoin,9282.71,2019-11-02 04:27:11,1572668831563,398953324.0,0.0166,Percentage,BTC/USDT
1882,Binance,BitCoin,9282.71,2019-11-02 04:26:55,1572668815576,398953324.0,0.0166,Percentage,BTC/USDT
1879,Binance,BitCoin,9283.17,2019-11-02 04:26:39,1572668799716,398963977.0,0.0,Spot,BTC/USDT
1876,Binance,BitCoin,9283.17,2019-11-02 04:26:23,1572668783552,398963977.0,0.0166,Percentage,BTC/USDT
1873,Binance,BitCoin,9283.17,2019-11-02 04:26:07,1572668767135,398963977.0,0.0166,Percentage,BTC/USDT
1870,Binance,BitCoin,9283.17,2019-11-02 04:25:51,1572668751273,398963977.0,0.0166,Percentage,BTC/USDT
1867,Binance,BitCoin,9274.18,2019-11-02 04:25:35,1572668735416,398681635.0,0.0166,Percentage,BTC/USDT
1864,Binance,BitCoin,9274.18,2019-11-02 04:25:19,1572668719537,398681635.0,0.0166,Percentage,BTC/USDT
1861,Binance,BitCoin,9274.18,2019-11-02 04:25:03,1572668703388,398681635.0,0.0166,Percentage,BTC/USDT
1858,Binance,BitCoin,9274.18,2019-11-02 04:24:47,1572668687543,398681635.0,0.0166,Percentage,BTC/USDT
1855,Binance,BitCoin,9288.96,2019-11-02 04:24:30,1572668670794,398107255.0,0.0166,Percentage,BTC/USDT
1852,Binance,BitCoin,9288.96,2019-11-02 04:24:14,1572668654917,398107255.0,0.0166,Percentage,BTC/USDT
1849,Binance,BitCoin,9288.96,2019-11-02 04:23:58,1572668638993,398107255.0,0.0166,Percentage,BTC/USDT
1846,Binance,BitCoin,9285.71,2019-11-02 04:23:42,1572668622570,397968044.0,0.0166,Percentage,BTC/USDT
1843,Binance,BitCoin,9285.71,2019-11-02 04:23:26,1572668606678,397968044.0,0.0166,Percentage,BTC/USDT
1840,Binance,BitCoin,9285.71,2019-11-02 04:23:10,1572668590801,397968044.0,0.0166,Percentage,BTC/USDT
1837,Binance,BitCoin,9285.71,2019-11-02 04:22:54,1572668574944,397968044.0,0.0166,Percentage,BTC/USDT
1834,Binance,BitCoin,9282.96,2019-11-02 04:22:39,1572668559031,397848195.0,0.0166,Percentage,BTC/USDT
1831,Binance,BitCoin,9282.96,2019-11-02 04:22:23,1572668543209,397848195.0,0.0166,Percentage,BTC/USDT
1828,Binance,BitCoin,9282.96,2019-11-02 04:22:07,1572668527358,397848195.0,0.0166,Percentage,BTC/USDT
1825,Binance,BitCoin,9282.96,2019-11-02 04:21:51,1572668511478,397848195.0,0.0166,Percentage,BTC/USDT
1823,Binance,BitCoin,9281.65,2019-11-02 04:21:35,1572668495607,397726961.0,0.0166,Percentage,BTC/USDT
1820,Binance,BitCoin,9281.65,2019-11-02 04:21:19,1572668479794,397726961.0,0.0166,Percentage,BTC/USDT
1817,Binance,BitCoin,9281.65,2019-11-02 04:21:03,1572668463941,397726961.0,0.0,Spot,BTC/USDT
1814,Binance,BitCoin,9281.65,2019-11-02 04:20:48,1572668448083,397726961.0,0.0166,Percentage,BTC/USDT
1811,Binance,BitCoin,9286.81,2019-11-02 04:20:32,1572668432187,398036930.0,0.0166,Percentage,BTC/USDT
1808,Binance,BitCoin,9286.81,2019-11-02 04:20:16,1572668416336,398036930.0,0.0166,Percentage,BTC/USDT
1805,Binance,BitCoin,9286.81,2019-11-02 04:20:00,1572668400460,398036930.0,0.0166,Percentage,BTC/USDT
1802,Binance,BitCoin,9286.81,2019-11-02 04:19:44,1572668384360,398036930.0,0.0166,Percentage,BTC/USDT
1799,Binance,BitCoin,9287.16,2019-11-02 04:19:28,1572668368318,398392050.0,0.0166,Percentage,BTC/USDT
1796,Binance,BitCoin,9287.16,2019-11-02 04:19:12,1572668352429,398392050.0,0.0166,Percentage,BTC/USDT
1793,Binance,BitCoin,9287.16,2019-11-02 04:18:56,1572668336501,398392050.0,0.0,Spot,BTC/USDT
1788,Binance,BitCoin,9284.42,2019-11-02 04:18:24,1572668304846,398432072.0,0.0166,Percentage,BTC/USDT
1785,Binance,BitCoin,9284.42,2019-11-02 04:18:08,1572668288977,398432072.0,0.0166,Percentage,BTC/USDT
1782,Binance,BitCoin,9284.42,2019-11-02 04:17:53,1572668273021,398432072.0,0.0166,Percentage,BTC/USDT
1779,Binance,BitCoin,9284.42,2019-11-02 04:17:37,1572668257097,398432072.0,0.0166,Percentage,BTC/USDT
1776,Binance,BitCoin,9284.31,2019-11-02 04:17:21,1572668241218,398516893.0,0.0166,Percentage,BTC/USDT
1773,Binance,BitCoin,9284.31,2019-11-02 04:17:05,1572668225386,398516893.0,0.0166,Percentage,BTC/USDT
1770,Binance,BitCoin,9284.31,2019-11-02 04:16:49,1572668209446,398516893.0,0.0166,Percentage,BTC/USDT
1767,Binance,BitCoin,9284.31,2019-11-02 04:16:33,1572668193594,398516893.0,0.0166,Percentage,BTC/USDT
1764,Binance,BitCoin,9287.99,2019-11-02 04:16:17,1572668177724,398597817.0,0.0166,Percentage,BTC/USDT
1761,Binance,BitCoin,9287.99,2019-11-02 04:16:01,1572668161860,398597817.0,0.0166,Percentage,BTC/USDT
1758,Binance,BitCoin,9287.99,2019-11-02 04:15:46,1572668146005,398597817.0,0.0166,Percentage,BTC/USDT
1755,Binance,BitCoin,9287.99,2019-11-02 04:15:29,1572668129884,398597817.0,0.0166,Percentage,BTC/USDT
1752,Binance,BitCoin,9286.66,2019-11-02 04:15:14,1572668114026,398592987.0,0.0166,Percentage,BTC/USDT
1749,Binance,BitCoin,9286.66,2019-11-02 04:14:58,1572668098178,398592987.0,0.0166,Percentage,BTC/USDT
1746,Binance,BitCoin,9286.66,2019-11-02 04:14:42,1572668082237,398592987.0,0.0166,Percentage,BTC/USDT
1743,Binance,BitCoin,9293.15,2019-11-02 04:14:26,1572668066427,398713691.0,0.0166,Percentage,BTC/USDT
1740,Binance,BitCoin,9293.15,2019-11-02 04:14:10,1572668050583,398713691.0,0.0166,Percentage,BTC/USDT
1737,Binance,BitCoin,9293.15,2019-11-02 04:13:54,1572668034740,398713691.0,0.0166,Percentage,BTC/USDT
1734,Binance,BitCoin,9293.15,2019-11-02 04:13:38,1572668018775,398713691.0,0.0166,Percentage,BTC/USDT
1731,Binance,BitCoin,9293.15,2019-11-02 04:13:22,1572668002915,398713691.0,0.0166,Percentage,BTC/USDT
1728,Binance,BitCoin,9294.89,2019-11-02 04:13:07,1572667987042,398817326.0,0.0166,Percentage,BTC/USDT
1725,Binance,BitCoin,9294.89,2019-11-02 04:12:50,1572667970585,398817326.0,0.0166,Percentage,BTC/USDT
1722,Binance,BitCoin,9294.89,2019-11-02 04:12:34,1572667954526,398817326.0,0.0166,Percentage,BTC/USDT
1719,Binance,BitCoin,9294.89,2019-11-02 04:12:18,1572667938658,398817326.0,0.0166,Percentage,BTC/USDT
1716,Binance,BitCoin,9288.34,2019-11-02 04:12:01,1572667921822,398680936.0,0.0166,Percentage,BTC/USDT
1713,Binance,BitCoin,9288.34,2019-11-02 04:11:45,1572667905886,398680936.0,0.0166,Percentage,BTC/USDT
1710,Binance,BitCoin,9288.34,2019-11-02 04:11:29,1572667889951,398680936.0,0.0166,Percentage,BTC/USDT
1707,Binance,BitCoin,9288.34,2019-11-02 04:11:13,1572667873844,398680936.0,0.0166,Percentage,BTC/USDT
1704,Binance,BitCoin,9290.18,2019-11-02 04:10:56,1572667856780,398589820.0,0.0166,Percentage,BTC/USDT
1701,Binance,BitCoin,9290.18,2019-11-02 04:10:40,1572667840807,398589820.0,0.0166,Percentage,BTC/USDT
1698,Binance,BitCoin,9290.18,2019-11-02 04:10:24,1572667824814,398589820.0,0.0166,Percentage,BTC/USDT
1695,Binance,BitCoin,9283.46,2019-11-02 04:10:08,1572667808876,398370504.0,0.0166,Percentage,BTC/USDT
1692,Binance,BitCoin,9283.46,2019-11-02 04:09:52,1572667792994,398370504.0,0.0166,Percentage,BTC/USDT
1689,Binance,BitCoin,9283.46,2019-11-02 04:09:37,1572667777168,398370504.0,0.0166,Percentage,BTC/USDT
1686,Binance,BitCoin,9283.46,2019-11-02 04:09:20,1572667760329,398370504.0,0.0166,Percentage,BTC/USDT
1683,Binance,BitCoin,9297.37,2019-11-02 04:09:04,1572667744321,398594925.0,0.0166,Percentage,BTC/USDT
1680,Binance,BitCoin,9297.37,2019-11-02 04:08:48,1572667728429,398594925.0,0.0166,Percentage,BTC/USDT
1677,Binance,BitCoin,9297.37,2019-11-02 04:08:32,1572667712583,398594925.0,0.0166,Percentage,BTC/USDT
1674,Binance,BitCoin,9297.37,2019-11-02 04:08:16,1572667696565,398594925.0,0.0166,Percentage,BTC/USDT
1671,Binance,BitCoin,9290.82,2019-11-02 04:08:00,1572667680682,398470011.0,0.0166,Percentage,BTC/USDT
1668,Binance,BitCoin,9290.82,2019-11-02 04:07:44,1572667664787,398470011.0,0.0166,Percentage,BTC/USDT
1665,Binance,BitCoin,9290.82,2019-11-02 04:07:28,1572667648941,398470011.0,0.0166,Percentage,BTC/USDT
1662,Binance,BitCoin,9290.82,2019-11-02 04:07:13,1572667633049,398470011.0,0.0166,Percentage,BTC/USDT
1659,Binance,BitCoin,9286.35,2019-11-02 04:06:57,1572667617172,398383484.0,0.0166,Percentage,BTC/USDT
1656,Binance,BitCoin,9286.35,2019-11-02 04:06:41,1572667601295,398383484.0,0.0166,Percentage,BTC/USDT
1653,Binance,BitCoin,9286.35,2019-11-02 04:06:25,1572667585408,398383484.0,0.0166,Percentage,BTC/USDT
1650,Binance,BitCoin,9286.35,2019-11-02 04:06:09,1572667569591,398383484.0,0.0166,Percentage,BTC/USDT
1647,Binance,BitCoin,9290.36,2019-11-02 04:05:53,1572667553755,398293186.0,0.0166,Percentage,BTC/USDT
1644,Binance,BitCoin,9290.36,2019-11-02 04:05:37,1572667537847,398293186.0,0.0166,Percentage,BTC/USDT
1641,Binance,BitCoin,9290.36,2019-11-02 04:05:22,1572667522031,398293186.0,0.0166,Percentage,BTC/USDT
1638,Binance,BitCoin,9290.36,2019-11-02 04:05:06,1572667506016,398293186.0,0.0166,Percentage,BTC/USDT
1635,Binance,BitCoin,9289.54,2019-11-02 04:04:50,1572667490129,398598346.0,0.0166,Percentage,BTC/USDT
1632,Binance,BitCoin,9289.54,2019-11-02 04:04:34,1572667474228,398598346.0,0.0166,Percentage,BTC/USDT
1629,Binance,BitCoin,9289.54,2019-11-02 04:04:18,1572667458412,398598346.0,0.0166,Percentage,BTC/USDT
1626,Binance,BitCoin,9289.54,2019-11-02 04:04:02,1572667442290,398598346.0,0.0166,Percentage,BTC/USDT
1623,Binance,BitCoin,9295.08,2019-11-02 04:03:46,1572667426383,398867122.0,0.0166,Percentage,BTC/USDT
1620,Binance,BitCoin,9295.08,2019-11-02 04:03:30,1572667410509,398867122.0,0.0166,Percentage,BTC/USDT
1617,Binance,BitCoin,9295.08,2019-11-02 04:03:14,1572667394691,398867122.0,0.0166,Percentage,BTC/USDT
1614,Binance,BitCoin,9295.08,2019-11-02 04:02:58,1572667378793,398867122.0,0.0166,Percentage,BTC/USDT
1611,Binance,BitCoin,9291.87,2019-11-02 04:02:42,1572667362912,398918320.0,0.0,Spot,BTC/USDT
1608,Binance,BitCoin,9291.87,2019-11-02 04:02:26,1572667346920,398918320.0,0.0166,Percentage,BTC/USDT
1605,Binance,BitCoin,9291.87,2019-11-02 04:02:11,1572667331066,398918320.0,0.0166,Percentage,BTC/USDT
1602,Binance,BitCoin,9291.87,2019-11-02 04:01:55,1572667315187,398918320.0,0.0166,Percentage,BTC/USDT
1599,Binance,BitCoin,9288.08,2019-11-02 04:01:39,1572667299330,398989620.0,0.0166,Percentage,BTC/USDT
1596,Binance,BitCoin,9288.08,2019-11-02 04:01:23,1572667283436,398989620.0,0.0166,Percentage,BTC/USDT
1593,Binance,BitCoin,9288.08,2019-11-02 04:01:07,1572667267570,398989620.0,0.0166,Percentage,BTC/USDT
1590,Binance,BitCoin,9288.08,2019-11-02 04:00:51,1572667251637,398989620.0,0.0166,Percentage,BTC/USDT
1587,Binance,BitCoin,9294.79,2019-11-02 04:00:35,1572667235781,399199442.0,0.0165,Percentage,BTC/USDT
1584,Binance,BitCoin,9294.79,2019-11-02 04:00:19,1572667219933,399199442.0,0.0165,Percentage,BTC/USDT
1581,Binance,BitCoin,9294.79,2019-11-02 04:00:04,1572667204112,399199442.0,0.0165,Percentage,BTC/USDT
1578,Binance,BitCoin,9294.79,2019-11-02 03:59:48,1572667188285,399199442.0,0.0165,Percentage,BTC/USDT
1575,Binance,BitCoin,9294.36,2019-11-02 03:59:32,1572667172398,399224815.0,0.0165,Percentage,BTC/USDT
1572,Binance,BitCoin,9294.36,2019-11-02 03:59:16,1572667156538,399224815.0,0.0165,Percentage,BTC/USDT
1569,Binance,BitCoin,9294.36,2019-11-02 03:59:00,1572667140728,399224815.0,0.0165,Percentage,BTC/USDT
1566,Binance,BitCoin,9294.36,2019-11-02 03:58:44,1572667124863,399224815.0,0.0165,Percentage,BTC/USDT
1563,Binance,BitCoin,9297.4,2019-11-02 03:58:27,1572667107954,399308910.0,0.0165,Percentage,BTC/USDT
1560,Binance,BitCoin,9297.4,2019-11-02 03:58:12,1572667092042,399308910.0,0.0165,Percentage,BTC/USDT
1557,Binance,BitCoin,9297.4,2019-11-02 03:57:56,1572667076210,399308910.0,0.0165,Percentage,BTC/USDT
1554,Binance,BitCoin,9293.63,2019-11-02 03:57:40,1572667060034,399307898.0,0.0165,Percentage,BTC/USDT
1551,Binance,BitCoin,9293.63,2019-11-02 03:57:24,1572667044115,399307898.0,0.0165,Percentage,BTC/USDT
1548,Binance,BitCoin,9293.63,2019-11-02 03:57:07,1572667027867,399307898.0,0.0165,Percentage,BTC/USDT
1545,Binance,BitCoin,9293.63,2019-11-02 03:56:52,1572667012030,399307898.0,0.0165,Percentage,BTC/USDT
1542,Binance,BitCoin,9291.38,2019-11-02 03:56:36,1572666996128,399410421.0,0.0165,Percentage,BTC/USDT
1539,Binance,BitCoin,9291.38,2019-11-02 03:56:20,1572666980296,399410421.0,0.0165,Percentage,BTC/USDT
1536,Binance,BitCoin,9291.38,2019-11-02 03:56:04,1572666964411,399410421.0,0.0165,Percentage,BTC/USDT
1533,Binance,BitCoin,9291.38,2019-11-02 03:55:48,1572666948597,399410421.0,0.0165,Percentage,BTC/USDT
1530,Binance,BitCoin,9297.63,2019-11-02 03:55:32,1572666932658,399689788.0,0.0165,Percentage,BTC/USDT
1527,Binance,BitCoin,9297.63,2019-11-02 03:55:16,1572666916726,399689788.0,0.0165,Percentage,BTC/USDT
1524,Binance,BitCoin,9297.63,2019-11-02 03:55:00,1572666900303,399689788.0,0.0165,Percentage,BTC/USDT
1521,Binance,BitCoin,9297.63,2019-11-02 03:54:44,1572666884483,399689788.0,0.0165,Percentage,BTC/USDT
1518,Binance,BitCoin,9296.18,2019-11-02 03:54:28,1572666868585,399829922.0,0.0165,Percentage,BTC/USDT
1515,Binance,BitCoin,9296.18,2019-11-02 03:54:12,1572666852711,399829922.0,0.0165,Percentage,BTC/USDT
1512,Binance,BitCoin,9296.18,2019-11-02 03:53:56,1572666836789,399829922.0,0.0165,Percentage,BTC/USDT
1509,Binance,BitCoin,9296.18,2019-11-02 03:53:40,1572666820944,399829922.0,0.0165,Percentage,BTC/USDT
1506,Binance,BitCoin,9284.17,2019-11-02 03:53:24,1572666804704,399731922.0,0.0166,Percentage,BTC/USDT
1503,Binance,BitCoin,9284.17,2019-11-02 03:53:08,1572666788839,399731922.0,0.0166,Percentage,BTC/USDT
1500,Binance,BitCoin,9284.17,2019-11-02 03:52:52,1572666772971,399731922.0,0.0166,Percentage,BTC/USDT
1497,Binance,BitCoin,9284.17,2019-11-02 03:52:37,1572666757163,399731922.0,0.0166,Percentage,BTC/USDT
1494,Binance,BitCoin,9289.11,2019-11-02 03:52:21,1572666741054,399775913.0,0.0166,Percentage,BTC/USDT
1491,Binance,BitCoin,9289.11,2019-11-02 03:52:05,1572666725084,399775913.0,0.0166,Percentage,BTC/USDT
1488,Binance,BitCoin,9289.11,2019-11-02 03:51:49,1572666709221,399775913.0,0.0166,Percentage,BTC/USDT
1485,Binance,BitCoin,9289.11,2019-11-02 03:51:33,1572666693016,399775913.0,0.0166,Percentage,BTC/USDT
1482,Binance,BitCoin,9289.62,2019-11-02 03:51:16,1572666676830,399853002.0,0.0166,Percentage,BTC/USDT
1479,Binance,BitCoin,9289.62,2019-11-02 03:51:00,1572666660818,399853002.0,0.0166,Percentage,BTC/USDT
1476,Binance,BitCoin,9289.62,2019-11-02 03:50:44,1572666644548,399853002.0,0.0166,Percentage,BTC/USDT
1473,Binance,BitCoin,9289.62,2019-11-02 03:50:28,1572666628702,399853002.0,0.0166,Percentage,BTC/USDT
1470,Binance,BitCoin,9296.43,2019-11-02 03:50:12,1572666612376,400101962.0,0.0166,Percentage,BTC/USDT
1467,Binance,BitCoin,9296.43,2019-11-02 03:49:56,1572666596504,400101962.0,0.0166,Percentage,BTC/USDT
1464,Binance,BitCoin,9296.43,2019-11-02 03:49:40,1572666580598,400101962.0,0.0166,Percentage,BTC/USDT
1462,Binance,BitCoin,9296.43,2019-11-02 03:49:24,1572666564725,400101962.0,0.0166,Percentage,BTC/USDT
1459,Binance,BitCoin,9292.73,2019-11-02 03:49:08,1572666548461,400242229.0,0.0166,Percentage,BTC/USDT
1456,Binance,BitCoin,9292.73,2019-11-02 03:48:52,1572666532240,400242229.0,0.0166,Percentage,BTC/USDT
1453,Binance,BitCoin,9292.73,2019-11-02 03:48:36,1572666516342,400242229.0,0.0166,Percentage,BTC/USDT
1450,Binance,BitCoin,9292.73,2019-11-02 03:48:20,1572666500537,400242229.0,0.0166,Percentage,BTC/USDT
1447,Binance,BitCoin,9292.77,2019-11-02 03:48:04,1572666484169,400208333.0,0.0166,Percentage,BTC/USDT
1444,Binance,BitCoin,9292.77,2019-11-02 03:47:48,1572666468192,400208333.0,0.0166,Percentage,BTC/USDT
1441,Binance,BitCoin,9292.77,2019-11-02 03:47:30,1572666450351,400208333.0,0.0166,Percentage,BTC/USDT
1438,Binance,BitCoin,9292.77,2019-11-02 03:47:14,1572666434273,400208333.0,0.0166,Percentage,BTC/USDT
1435,Binance,BitCoin,9286.82,2019-11-02 03:46:57,1572666417369,400342538.0,0.0166,Percentage,BTC/USDT
1432,Binance,BitCoin,9286.82,2019-11-02 03:46:41,1572666401496,400342538.0,0.0166,Percentage,BTC/USDT
1429,Binance,BitCoin,9286.82,2019-11-02 03:46:25,1572666385583,400342538.0,0.0166,Percentage,BTC/USDT
1426,Binance,BitCoin,9288.76,2019-11-02 03:46:09,1572666369705,400289956.0,0.0166,Percentage,BTC/USDT
1423,Binance,BitCoin,9288.76,2019-11-02 03:45:53,1572666353859,400289956.0,0.0166,Percentage,BTC/USDT
1420,Binance,BitCoin,9288.76,2019-11-02 03:45:37,1572666337985,400289956.0,0.0166,Percentage,BTC/USDT
1417,Binance,BitCoin,9288.76,2019-11-02 03:45:22,1572666322139,400289956.0,0.0166,Percentage,BTC/USDT
1414,Binance,BitCoin,9294.17,2019-11-02 03:45:06,1572666306283,400470037.0,0.0166,Percentage,BTC/USDT
1411,Binance,BitCoin,9294.17,2019-11-02 03:44:50,1572666290399,400470037.0,0.0166,Percentage,BTC/USDT
1408,Binance,BitCoin,9294.17,2019-11-02 03:44:34,1572666274532,400470037.0,0.0166,Percentage,BTC/USDT
1405,Binance,BitCoin,9294.17,2019-11-02 03:44:18,1572666258369,400470037.0,0.0166,Percentage,BTC/USDT
1402,Binance,BitCoin,9293.33,2019-11-02 03:44:02,1572666242529,400398564.0,0.0166,Percentage,BTC/USDT
1399,Binance,BitCoin,9293.33,2019-11-02 03:43:46,1572666226638,400398564.0,0.0166,Percentage,BTC/USDT
1396,Binance,BitCoin,9293.33,2019-11-02 03:43:29,1572666209767,400398564.0,0.0166,Percentage,BTC/USDT
1393,Binance,BitCoin,9293.33,2019-11-02 03:43:13,1572666193856,400398564.0,0.0166,Percentage,BTC/USDT
1390,Binance,BitCoin,9290.7,2019-11-02 03:42:58,1572666178024,400177127.0,0.0166,Percentage,BTC/USDT
1387,Binance,BitCoin,9290.7,2019-11-02 03:42:42,1572666162104,400177127.0,0.0,Spot,BTC/USDT
1384,Binance,BitCoin,9290.7,2019-11-02 03:42:26,1572666146188,400177127.0,0.0166,Percentage,BTC/USDT
1381,Binance,BitCoin,9290.7,2019-11-02 03:42:10,1572666130237,400177127.0,0.0166,Percentage,BTC/USDT
1378,Binance,BitCoin,9298.18,2019-11-02 03:41:54,1572666114434,400116348.0,0.0166,Percentage,BTC/USDT
1375,Binance,BitCoin,9298.18,2019-11-02 03:41:38,1572666098455,400116348.0,0.0166,Percentage,BTC/USDT
1372,Binance,BitCoin,9298.18,2019-11-02 03:41:22,1572666082284,400116348.0,0.0166,Percentage,BTC/USDT
1369,Binance,BitCoin,9298.18,2019-11-02 03:41:06,1572666066402,400116348.0,0.0166,Percentage,BTC/USDT
1366,Binance,BitCoin,9293.71,2019-11-02 03:40:50,1572666050591,400151086.0,0.0166,Percentage,BTC/USDT
1363,Binance,BitCoin,9293.71,2019-11-02 03:40:34,1572666034410,400151086.0,0.0166,Percentage,BTC/USDT
1360,Binance,BitCoin,9293.71,2019-11-02 03:40:18,1572666018559,400151086.0,0.0166,Percentage,BTC/USDT
1357,Binance,BitCoin,9293.71,2019-11-02 03:40:02,1572666002541,400151086.0,0.0166,Percentage,BTC/USDT
1354,Binance,BitCoin,9294.8,2019-11-02 03:39:46,1572665986659,400223665.0,0.0166,Percentage,BTC/USDT
1351,Binance,BitCoin,9294.8,2019-11-02 03:39:30,1572665970777,400223665.0,0.0166,Percentage,BTC/USDT
1348,Binance,BitCoin,9294.8,2019-11-02 03:39:14,1572665954907,400223665.0,0.0166,Percentage,BTC/USDT
1345,Binance,BitCoin,9294.8,2019-11-02 03:38:58,1572665938637,400223665.0,0.0,Spot,BTC/USDT
1342,Binance,BitCoin,9293.84,2019-11-02 03:38:42,1572665922803,399741587.0,0.0166,Percentage,BTC/USDT
1339,Binance,BitCoin,9293.84,2019-11-02 03:38:26,1572665906845,399741587.0,0.0166,Percentage,BTC/USDT
1336,Binance,BitCoin,9293.84,2019-11-02 03:38:10,1572665890961,399741587.0,0.0166,Percentage,BTC/USDT
1333,Binance,BitCoin,9293.84,2019-11-02 03:37:54,1572665874917,399741587.0,0.0166,Percentage,BTC/USDT
1330,Binance,BitCoin,9299.43,2019-11-02 03:37:38,1572665858832,399112524.0,0.0165,Percentage,BTC/USDT
1327,Binance,BitCoin,9299.43,2019-11-02 03:37:21,1572665841968,399112524.0,0.0165,Percentage,BTC/USDT
1324,Binance,BitCoin,9299.43,2019-11-02 03:37:05,1572665825481,399112524.0,0.0165,Percentage,BTC/USDT
1321,Binance,BitCoin,9299.43,2019-11-02 03:36:49,1572665809624,399112524.0,0.0165,Percentage,BTC/USDT
1318,Binance,BitCoin,9297.39,2019-11-02 03:36:32,1572665792571,398835939.0,0.0165,Percentage,BTC/USDT
1315,Binance,BitCoin,9297.39,2019-11-02 03:36:16,1572665776691,398835939.0,0.0165,Percentage,BTC/USDT
1312,Binance,BitCoin,9297.39,2019-11-02 03:36:00,1572665760818,398835939.0,0.0165,Percentage,BTC/USDT
1309,Binance,BitCoin,9297.39,2019-11-02 03:35:44,1572665744896,398835939.0,0.0,Spot,BTC/USDT
1306,Binance,BitCoin,9299.32,2019-11-02 03:35:28,1572665728123,398701549.0,0.0165,Percentage,BTC/USDT
1303,Binance,BitCoin,9299.32,2019-11-02 03:35:12,1572665712150,398701549.0,0.0165,Percentage,BTC/USDT
1300,Binance,BitCoin,9299.32,2019-11-02 03:34:55,1572665695918,398701549.0,0.0,Spot,BTC/USDT
1297,Binance,BitCoin,9299.32,2019-11-02 03:34:40,1572665680022,398701549.0,0.0165,Percentage,BTC/USDT
1294,Binance,BitCoin,9299.16,2019-11-02 03:34:22,1572665662992,399460434.0,0.0165,Percentage,BTC/USDT
1291,Binance,BitCoin,9299.16,2019-11-02 03:34:06,1572665646746,399460434.0,0.0165,Percentage,BTC/USDT
1288,Binance,BitCoin,9299.16,2019-11-02 03:33:49,1572665629869,399460434.0,0.0165,Percentage,BTC/USDT
1285,Binance,BitCoin,9296.31,2019-11-02 03:33:34,1572665614015,399538776.0,0.0166,Percentage,BTC/USDT
1282,Binance,BitCoin,9296.31,2019-11-02 03:33:18,1572665598100,399538776.0,0.0166,Percentage,BTC/USDT
1279,Binance,BitCoin,9296.31,2019-11-02 03:33:01,1572665581859,399538776.0,0.0166,Percentage,BTC/USDT
1276,Binance,BitCoin,9296.31,2019-11-02 03:32:45,1572665565897,399538776.0,0.0166,Percentage,BTC/USDT
1273,Binance,BitCoin,9291.96,2019-11-02 03:32:29,1572665549311,399682794.0,0.0166,Percentage,BTC/USDT
1270,Binance,BitCoin,9291.96,2019-11-02 03:32:13,1572665533152,399682794.0,0.0166,Percentage,BTC/USDT
1267,Binance,BitCoin,9291.96,2019-11-02 03:31:57,1572665517240,399682794.0,0.0,Spot,BTC/USDT
1264,Binance,BitCoin,9291.96,2019-11-02 03:31:41,1572665501237,399682794.0,0.0166,Percentage,BTC/USDT
1261,Binance,BitCoin,9288.16,2019-11-02 03:31:24,1572665484094,400327711.0,0.0166,Percentage,BTC/USDT
1258,Binance,BitCoin,9288.16,2019-11-02 03:31:08,1572665468235,400327711.0,0.0166,Percentage,BTC/USDT
1255,Binance,BitCoin,9288.16,2019-11-02 03:30:52,1572665452363,400327711.0,0.0166,Percentage,BTC/USDT
1252,Binance,BitCoin,9288.16,2019-11-02 03:30:36,1572665436477,400327711.0,0.0166,Percentage,BTC/USDT
1249,Binance,BitCoin,9293.54,2019-11-02 03:30:20,1572665420590,400569444.0,0.0166,Percentage,BTC/USDT
1246,Binance,BitCoin,9293.54,2019-11-02 03:30:04,1572665404410,400569444.0,0.0166,Percentage,BTC/USDT
1243,Binance,BitCoin,9293.54,2019-11-02 03:29:48,1572665388370,400569444.0,0.0166,Percentage,BTC/USDT
1240,Binance,BitCoin,9293.54,2019-11-02 03:29:32,1572665372493,400569444.0,0.0166,Percentage,BTC/USDT
1237,Binance,BitCoin,9295.95,2019-11-02 03:29:16,1572665356511,400610414.0,0.0166,Percentage,BTC/USDT
1234,Binance,BitCoin,9295.95,2019-11-02 03:29:00,1572665340681,400610414.0,0.0166,Percentage,BTC/USDT
1231,Binance,BitCoin,9295.95,2019-11-02 03:28:44,1572665324782,400610414.0,0.0166,Percentage,BTC/USDT
1228,Binance,BitCoin,9295.95,2019-11-02 03:28:28,1572665308899,400610414.0,0.0166,Percentage,BTC/USDT
1226,Binance,BitCoin,9294.04,2019-11-02 03:28:12,1572665292772,400667343.0,0.0166,Percentage,BTC/USDT
1223,Binance,BitCoin,9294.04,2019-11-02 03:27:56,1572665276491,400667343.0,0.0166,Percentage,BTC/USDT
1220,Binance,BitCoin,9294.04,2019-11-02 03:27:40,1572665260242,400667343.0,0.0166,Percentage,BTC/USDT
1217,Binance,BitCoin,9294.04,2019-11-02 03:27:24,1572665244220,400667343.0,0.0166,Percentage,BTC/USDT
1214,Binance,BitCoin,9297.62,2019-11-02 03:27:08,1572665228188,402956675.0,0.0167,Percentage,BTC/USDT
1211,Binance,BitCoin,9297.62,2019-11-02 03:26:52,1572665212412,402956675.0,0.0167,Percentage,BTC/USDT
1208,Binance,BitCoin,9297.62,2019-11-02 03:26:35,1572665195475,402956675.0,0.0167,Percentage,BTC/USDT
1205,Binance,BitCoin,9297.62,2019-11-02 03:26:19,1572665179600,402956675.0,0.0167,Percentage,BTC/USDT
1202,Binance,BitCoin,9295.37,2019-11-02 03:26:03,1572665163656,402793711.0,0.0167,Percentage,BTC/USDT
1199,Binance,BitCoin,9295.37,2019-11-02 03:25:47,1572665147841,402793711.0,0.0167,Percentage,BTC/USDT
1196,Binance,BitCoin,9295.37,2019-11-02 03:25:31,1572665131668,402793711.0,0.0167,Percentage,BTC/USDT
1193,Binance,BitCoin,9295.37,2019-11-02 03:25:15,1572665115811,402793711.0,0.0167,Percentage,BTC/USDT
1190,Binance,BitCoin,9297.31,2019-11-02 03:24:58,1572665098845,402897509.0,0.0167,Percentage,BTC/USDT
1187,Binance,BitCoin,9297.31,2019-11-02 03:24:42,1572665082991,402897509.0,0.0,Spot,BTC/USDT
1184,Binance,BitCoin,9297.31,2019-11-02 03:24:27,1572665067044,402897509.0,0.0167,Percentage,BTC/USDT
1181,Binance,BitCoin,9297.31,2019-11-02 03:24:11,1572665051128,402897509.0,0.0167,Percentage,BTC/USDT
1178,Binance,BitCoin,9293.33,2019-11-02 03:23:55,1572665035231,402973603.0,0.0167,Percentage,BTC/USDT
1175,Binance,BitCoin,9293.33,2019-11-02 03:23:39,1572665019328,402973603.0,0.0167,Percentage,BTC/USDT
1172,Binance,BitCoin,9293.33,2019-11-02 03:23:23,1572665003461,402973603.0,0.0167,Percentage,BTC/USDT
1169,Binance,BitCoin,9294.72,2019-11-02 03:23:07,1572664987597,403267414.0,0.0167,Percentage,BTC/USDT
1166,Binance,BitCoin,9294.72,2019-11-02 03:22:51,1572664971598,403267414.0,0.0167,Percentage,BTC/USDT
1163,Binance,BitCoin,9294.72,2019-11-02 03:22:35,1572664955440,403267414.0,0.0167,Percentage,BTC/USDT
1160,Binance,BitCoin,9294.72,2019-11-02 03:22:19,1572664939578,403267414.0,0.0167,Percentage,BTC/USDT
1157,Binance,BitCoin,9294.72,2019-11-02 03:22:03,1572664923712,403267414.0,0.0167,Percentage,BTC/USDT
1154,Binance,BitCoin,9296.16,2019-11-02 03:21:46,1572664906788,403496746.0,0.0167,Percentage,BTC/USDT
1151,Binance,BitCoin,9296.16,2019-11-02 03:21:30,1572664890937,403496746.0,0.0167,Percentage,BTC/USDT
1148,Binance,BitCoin,9296.16,2019-11-02 03:21:15,1572664875034,403496746.0,0.0167,Percentage,BTC/USDT
1145,Binance,BitCoin,9293.38,2019-11-02 03:20:59,1572664859154,403476036.0,0.0167,Percentage,BTC/USDT
1142,Binance,BitCoin,9293.38,2019-11-02 03:20:43,1572664843295,403476036.0,0.0167,Percentage,BTC/USDT
1139,Binance,BitCoin,9293.38,2019-11-02 03:20:27,1572664827171,403476036.0,0.0167,Percentage,BTC/USDT
1136,Binance,BitCoin,9293.38,2019-11-02 03:20:11,1572664811283,403476036.0,0.0167,Percentage,BTC/USDT
1133,Binance,BitCoin,9289.79,2019-11-02 03:19:55,1572664795392,402916419.0,0.0167,Percentage,BTC/USDT
1130,Binance,BitCoin,9289.79,2019-11-02 03:19:39,1572664779474,402916419.0,0.0167,Percentage,BTC/USDT
1127,Binance,BitCoin,9289.79,2019-11-02 03:19:23,1572664763577,402916419.0,0.0167,Percentage,BTC/USDT
1124,Binance,BitCoin,9289.79,2019-11-02 03:19:07,1572664747606,402916419.0,0.0167,Percentage,BTC/USDT
1121,Binance,BitCoin,9296.3,2019-11-02 03:18:51,1572664731773,402573028.0,0.0167,Percentage,BTC/USDT
1118,Binance,BitCoin,9296.3,2019-11-02 03:18:35,1572664715771,402573028.0,0.0167,Percentage,BTC/USDT
1115,Binance,BitCoin,9296.3,2019-11-02 03:18:19,1572664699919,402573028.0,0.0167,Percentage,BTC/USDT
1112,Binance,BitCoin,9296.3,2019-11-02 03:18:04,1572664684100,402573028.0,0.0167,Percentage,BTC/USDT
1109,Binance,BitCoin,9303.76,2019-11-02 03:17:48,1572664668269,402470041.0,0.0167,Percentage,BTC/USDT
1106,Binance,BitCoin,9303.76,2019-11-02 03:17:32,1572664652328,402470041.0,0.0167,Percentage,BTC/USDT
1103,Binance,BitCoin,9303.76,2019-11-02 03:17:16,1572664636412,402470041.0,0.0167,Percentage,BTC/USDT
1100,Binance,BitCoin,9303.76,2019-11-02 03:17:00,1572664620546,402470041.0,0.0167,Percentage,BTC/USDT
1097,Binance,BitCoin,9298.56,2019-11-02 03:16:44,1572664604679,402399549.0,0.0167,Percentage,BTC/USDT
1094,Binance,BitCoin,9298.56,2019-11-02 03:16:28,1572664588764,402399549.0,0.0167,Percentage,BTC/USDT
1091,Binance,BitCoin,9298.56,2019-11-02 03:16:12,1572664572895,402399549.0,0.0167,Percentage,BTC/USDT
1088,Binance,BitCoin,9298.56,2019-11-02 03:15:56,1572664556039,402399549.0,0.0167,Percentage,BTC/USDT
1085,Binance,BitCoin,9295.22,2019-11-02 03:15:40,1572664540012,402395259.0,0.0167,Percentage,BTC/USDT
1082,Binance,BitCoin,9295.22,2019-11-02 03:15:24,1572664524165,402395259.0,0.0167,Percentage,BTC/USDT
1079,Binance,BitCoin,9295.22,2019-11-02 03:15:08,1572664508230,402395259.0,0.0167,Percentage,BTC/USDT
1076,Binance,BitCoin,9295.22,2019-11-02 03:14:52,1572664492363,402395259.0,0.0167,Percentage,BTC/USDT
1073,Binance,BitCoin,9294.92,2019-11-02 03:14:36,1572664476502,402589410.0,0.0171,Percentage,BTC/USDT
1070,Binance,BitCoin,9294.92,2019-11-02 03:14:20,1572664460671,402589410.0,0.0171,Percentage,BTC/USDT
1067,Binance,BitCoin,9294.92,2019-11-02 03:14:04,1572664444750,402589410.0,0.0171,Percentage,BTC/USDT
1064,Binance,BitCoin,9294.92,2019-11-02 03:13:48,1572664428922,402589410.0,0.0171,Percentage,BTC/USDT
1061,Binance,BitCoin,9294.16,2019-11-02 03:13:33,1572664413040,403110009.0,0.0167,Percentage,BTC/USDT
1058,Binance,BitCoin,9294.16,2019-11-02 03:13:17,1572664397028,403110009.0,0.0,Spot,BTC/USDT
1055,Binance,BitCoin,9294.16,2019-11-02 03:13:01,1572664381153,403110009.0,0.0167,Percentage,BTC/USDT
1052,Binance,BitCoin,9294.16,2019-11-02 03:12:45,1572664365298,403110009.0,0.0167,Percentage,BTC/USDT
1049,Binance,BitCoin,9292.41,2019-11-02 03:12:28,1572664348533,403385637.0,0.0167,Percentage,BTC/USDT
1046,Binance,BitCoin,9292.41,2019-11-02 03:12:12,1572664332674,403385637.0,0.0167,Percentage,BTC/USDT
1043,Binance,BitCoin,9292.41,2019-11-02 03:11:56,1572664316839,403385637.0,0.0167,Percentage,BTC/USDT
1040,Binance,BitCoin,9293.27,2019-11-02 03:11:40,1572664300960,403694177.0,0.0167,Percentage,BTC/USDT
1037,Binance,BitCoin,9293.27,2019-11-02 03:11:24,1572664284995,403694177.0,0.0167,Percentage,BTC/USDT
1034,Binance,BitCoin,9293.27,2019-11-02 03:11:09,1572664269078,403694177.0,0.0167,Percentage,BTC/USDT
1031,Binance,BitCoin,9293.27,2019-11-02 03:10:53,1572664253179,403694177.0,0.0167,Percentage,BTC/USDT
1028,Binance,BitCoin,9292.74,2019-11-02 03:10:37,1572664237347,403904493.0,0.0168,Percentage,BTC/USDT
1025,Binance,BitCoin,9292.74,2019-11-02 03:10:21,1572664221502,403904493.0,0.0168,Percentage,BTC/USDT
1022,Binance,BitCoin,9292.74,2019-11-02 03:10:05,1572664205468,403904493.0,0.0168,Percentage,BTC/USDT
1020,Binance,BitCoin,9292.74,2019-11-02 03:09:49,1572664189647,403904493.0,0.0,Spot,BTC/USDT
1017,Binance,BitCoin,9287.76,2019-11-02 03:09:33,1572664173761,403718354.0,0.0167,Percentage,BTC/USDT
1015,Binance,BitCoin,9287.76,2019-11-02 03:09:17,1572664157167,403718354.0,0.0,Spot,BTC/USDT
1012,Binance,BitCoin,9287.76,2019-11-02 03:09:01,1572664141140,403718354.0,0.0167,Percentage,BTC/USDT
1009,Binance,BitCoin,9287.76,2019-11-02 03:08:45,1572664125134,403718354.0,0.0167,Percentage,BTC/USDT
1006,Binance,BitCoin,9292.21,2019-11-02 03:08:28,1572664108937,403945270.0,0.0168,Percentage,BTC/USDT
1003,Binance,BitCoin,9292.21,2019-11-02 03:08:12,1572664092915,403945270.0,0.0168,Percentage,BTC/USDT
1000,Binance,BitCoin,9292.21,2019-11-02 03:07:56,1572664076453,403945270.0,0.0168,Percentage,BTC/USDT
997,Binance,BitCoin,9292.21,2019-11-02 03:07:40,1572664060480,403945270.0,0.0168,Percentage,BTC/USDT
994,Binance,BitCoin,9299.67,2019-11-02 03:07:24,1572664044281,404161349.0,0.0168,Percentage,BTC/USDT
991,Binance,BitCoin,9299.67,2019-11-02 03:07:07,1572664027897,404161349.0,0.0168,Percentage,BTC/USDT
988,Binance,BitCoin,9299.67,2019-11-02 03:06:52,1572664012002,404161349.0,0.0168,Percentage,BTC/USDT
985,Binance,BitCoin,9299.67,2019-11-02 03:06:35,1572663995772,404161349.0,0.0168,Percentage,BTC/USDT
982,Binance,BitCoin,9290.36,2019-11-02 03:06:19,1572663979952,404131333.0,0.0168,Percentage,BTC/USDT
979,Binance,BitCoin,9290.36,2019-11-02 03:06:02,1572663962652,404131333.0,0.0168,Percentage,BTC/USDT
976,Binance,BitCoin,9290.36,2019-11-02 03:05:45,1572663945726,404131333.0,0.0168,Percentage,BTC/USDT
973,Binance,BitCoin,9290.36,2019-11-02 03:05:29,1572663929786,404131333.0,0.0168,Percentage,BTC/USDT
970,Binance,BitCoin,9288.71,2019-11-02 03:05:13,1572663913962,403952994.0,0.0168,Percentage,BTC/USDT
967,Binance,BitCoin,9288.71,2019-11-02 03:04:58,1572663898008,403952994.0,0.0168,Percentage,BTC/USDT
964,Binance,BitCoin,9288.71,2019-11-02 03:04:42,1572663882065,403952994.0,0.0168,Percentage,BTC/USDT
961,Binance,BitCoin,9288.71,2019-11-02 03:04:25,1572663865115,403952994.0,0.0168,Percentage,BTC/USDT
958,Binance,BitCoin,9291.27,2019-11-02 03:04:08,1572663848944,403827181.0,0.0168,Percentage,BTC/USDT
955,Binance,BitCoin,9291.27,2019-11-02 03:03:53,1572663833009,403827181.0,0.0168,Percentage,BTC/USDT
952,Binance,BitCoin,9291.27,2019-11-02 03:03:37,1572663817011,403827181.0,0.0168,Percentage,BTC/USDT
949,Binance,BitCoin,9291.27,2019-11-02 03:03:20,1572663800756,403827181.0,0.0168,Percentage,BTC/USDT
946,Binance,BitCoin,9287.69,2019-11-02 03:03:04,1572663784802,403658347.0,0.0168,Percentage,BTC/USDT
943,Binance,BitCoin,9287.69,2019-11-02 03:02:48,1572663768825,403658347.0,0.0168,Percentage,BTC/USDT
940,Binance,BitCoin,9287.69,2019-11-02 03:02:31,1572663751913,403658347.0,0.0168,Percentage,BTC/USDT
938,Binance,BitCoin,9287.69,2019-11-02 03:02:15,1572663735671,403658347.0,0.0168,Percentage,BTC/USDT
935,Binance,BitCoin,9300.12,2019-11-02 03:01:57,1572663717742,403678561.0,0.0168,Percentage,BTC/USDT
932,Binance,BitCoin,9300.12,2019-11-02 03:01:40,1572663700865,403678561.0,0.0168,Percentage,BTC/USDT
929,Binance,BitCoin,9300.12,2019-11-02 03:01:24,1572663684794,403678561.0,0.0168,Percentage,BTC/USDT
926,Binance,BitCoin,9298.61,2019-11-02 03:01:08,1572663668863,403862113.0,0.0166,Percentage,BTC/USDT
923,Binance,BitCoin,9298.61,2019-11-02 03:00:51,1572663651914,403862113.0,0.0166,Percentage,BTC/USDT
920,Binance,BitCoin,9298.61,2019-11-02 03:00:35,1572663635838,403862113.0,0.0166,Percentage,BTC/USDT
917,Binance,BitCoin,9298.61,2019-11-02 03:00:19,1572663619945,403862113.0,0.0166,Percentage,BTC/USDT
914,Binance,BitCoin,9298.61,2019-11-02 03:00:03,1572663603930,403862113.0,0.0166,Percentage,BTC/USDT
911,Binance,BitCoin,9295.6,2019-11-02 02:59:46,1572663586290,404082531.0,0.0166,Percentage,BTC/USDT
908,Binance,BitCoin,9295.6,2019-11-02 02:59:30,1572663570110,404082531.0,0.0166,Percentage,BTC/USDT
905,Binance,BitCoin,9295.6,2019-11-02 02:59:14,1572663554200,404082531.0,0.0166,Percentage,BTC/USDT
902,Binance,BitCoin,9300.38,2019-11-02 02:52:28,1572663148231,406477878.0,0.0167,Percentage,BTC/USDT
900,Binance,BitCoin,9300.38,2019-11-02 02:52:12,1572663132371,406477878.0,0.0,Spot,BTC/USDT
897,Binance,BitCoin,9300.38,2019-11-02 02:51:56,1572663116485,406477878.0,0.0167,Percentage,BTC/USDT
894,Binance,BitCoin,9300.38,2019-11-02 02:51:40,1572663100451,406477878.0,0.0167,Percentage,BTC/USDT
891,Binance,BitCoin,9300.65,2019-11-02 02:51:23,1572663083583,406527982.0,0.0167,Percentage,BTC/USDT
888,Binance,BitCoin,9300.65,2019-11-02 02:51:07,1572663067544,406527982.0,0.0167,Percentage,BTC/USDT
885,Binance,BitCoin,9300.65,2019-11-02 02:50:51,1572663051705,406527982.0,0.0167,Percentage,BTC/USDT
882,Binance,BitCoin,9293.89,2019-11-02 02:50:35,1572663035757,406456336.0,0.0167,Percentage,BTC/USDT
879,Binance,BitCoin,9293.89,2019-11-02 02:50:19,1572663019843,406456336.0,0.0167,Percentage,BTC/USDT
876,Binance,BitCoin,9293.89,2019-11-02 02:50:03,1572663003985,406456336.0,0.0167,Percentage,BTC/USDT
874,Binance,BitCoin,9293.89,2019-11-02 02:49:47,1572662987907,406456336.0,0.0,Spot,BTC/USDT
871,Binance,BitCoin,9290.18,2019-11-02 02:49:31,1572662971994,406414529.0,0.0167,Percentage,BTC/USDT
868,Binance,BitCoin,9290.18,2019-11-02 02:49:15,1572662955323,406414529.0,0.0167,Percentage,BTC/USDT
865,Binance,BitCoin,9290.18,2019-11-02 02:48:59,1572662939205,406414529.0,0.0167,Percentage,BTC/USDT
862,Binance,BitCoin,9290.18,2019-11-02 02:48:43,1572662923156,406414529.0,0.0167,Percentage,BTC/USDT
859,Binance,BitCoin,9293.6,2019-11-02 02:48:27,1572662907274,406605010.0,0.0,Spot,BTC/USDT
856,Binance,BitCoin,9293.6,2019-11-02 02:48:11,1572662891381,406605010.0,0.0167,Percentage,BTC/USDT
853,Binance,BitCoin,9293.6,2019-11-02 02:47:55,1572662875413,406605010.0,0.0167,Percentage,BTC/USDT
850,Binance,BitCoin,9293.6,2019-11-02 02:47:39,1572662859519,406605010.0,0.0167,Percentage,BTC/USDT
847,Binance,BitCoin,9298.85,2019-11-02 02:47:23,1572662843617,406692547.0,0.0167,Percentage,BTC/USDT
844,Binance,BitCoin,9298.85,2019-11-02 02:47:07,1572662827778,406692547.0,0.0167,Percentage,BTC/USDT
841,Binance,BitCoin,9298.85,2019-11-02 02:46:51,1572662811770,406692547.0,0.0167,Percentage,BTC/USDT
838,Binance,BitCoin,9298.85,2019-11-02 02:46:35,1572662795583,406692547.0,0.0167,Percentage,BTC/USDT
835,Binance,BitCoin,9295.62,2019-11-02 02:46:19,1572662779592,406720957.0,0.0167,Percentage,BTC/USDT
832,Binance,BitCoin,9295.62,2019-11-02 02:46:03,1572662763687,406720957.0,0.0167,Percentage,BTC/USDT
829,Binance,BitCoin,9295.62,2019-11-02 02:45:47,1572662747777,406720957.0,0.0167,Percentage,BTC/USDT
826,Binance,BitCoin,9295.62,2019-11-02 02:45:31,1572662731883,406720957.0,0.0167,Percentage,BTC/USDT
823,Binance,BitCoin,9287.9,2019-11-02 02:45:15,1572662715914,406568872.0,0.0167,Percentage,BTC/USDT
820,Binance,BitCoin,9287.9,2019-11-02 02:45:00,1572662700035,406568872.0,0.0167,Percentage,BTC/USDT
817,Binance,BitCoin,9287.9,2019-11-02 02:44:44,1572662684154,406568872.0,0.0167,Percentage,BTC/USDT
814,Binance,BitCoin,9287.9,2019-11-02 02:44:28,1572662668155,406568872.0,0.0167,Percentage,BTC/USDT
811,Binance,BitCoin,9285.18,2019-11-02 02:44:12,1572662652169,406578821.0,0.0167,Percentage,BTC/USDT
808,Binance,BitCoin,9285.18,2019-11-02 02:43:56,1572662636322,406578821.0,0.0167,Percentage,BTC/USDT
805,Binance,BitCoin,9285.18,2019-11-02 02:43:38,1572662618752,406578821.0,0.0167,Percentage,BTC/USDT
802,Binance,BitCoin,9285.18,2019-11-02 02:43:22,1572662602764,406578821.0,0.0167,Percentage,BTC/USDT
799,Binance,BitCoin,9289.1,2019-11-02 02:43:06,1572662586878,406659471.0,0.0167,Percentage,BTC/USDT
796,Binance,BitCoin,9289.1,2019-11-02 02:42:50,1572662570952,406659471.0,0.0167,Percentage,BTC/USDT
793,Binance,BitCoin,9289.1,2019-11-02 02:42:35,1572662555037,406659471.0,0.0167,Percentage,BTC/USDT
790,Binance,BitCoin,9289.1,2019-11-02 02:42:18,1572662538993,406659471.0,0.0167,Percentage,BTC/USDT
787,Binance,BitCoin,9289.48,2019-11-02 02:42:01,1572662521927,406721202.0,0.0167,Percentage,BTC/USDT
784,Binance,BitCoin,9289.48,2019-11-02 02:41:46,1572662506054,406721202.0,0.0167,Percentage,BTC/USDT
781,Binance,BitCoin,9289.48,2019-11-02 02:41:30,1572662490180,406721202.0,0.0167,Percentage,BTC/USDT
778,Binance,BitCoin,9288.24,2019-11-02 02:41:14,1572662474334,406801072.0,0.0167,Percentage,BTC/USDT
775,Binance,BitCoin,9288.24,2019-11-02 02:40:58,1572662458302,406801072.0,0.0167,Percentage,BTC/USDT
772,Binance,BitCoin,9288.24,2019-11-02 02:40:42,1572662442437,406801072.0,0.0167,Percentage,BTC/USDT
769,Binance,BitCoin,9288.24,2019-11-02 02:40:26,1572662426570,406801072.0,0.0167,Percentage,BTC/USDT
766,Binance,BitCoin,9290.0,2019-11-02 02:40:10,1572662410662,406877958.0,0.0167,Percentage,BTC/USDT
763,Binance,BitCoin,9290.0,2019-11-02 02:39:54,1572662394744,406877958.0,0.0167,Percentage,BTC/USDT
760,Binance,BitCoin,9290.0,2019-11-02 02:39:38,1572662378863,406877958.0,0.0167,Percentage,BTC/USDT
757,Binance,BitCoin,9290.0,2019-11-02 02:39:22,1572662362410,406877958.0,0.0167,Percentage,BTC/USDT
754,Binance,BitCoin,9293.15,2019-11-02 02:39:05,1572662345145,406934923.0,0.0167,Percentage,BTC/USDT
751,Binance,BitCoin,9293.15,2019-11-02 02:38:49,1572662329256,406934923.0,0.0167,Percentage,BTC/USDT
748,Binance,BitCoin,9293.15,2019-11-02 02:38:33,1572662313338,406934923.0,0.0167,Percentage,BTC/USDT
745,Binance,BitCoin,9293.15,2019-11-02 02:38:17,1572662297394,406934923.0,0.0167,Percentage,BTC/USDT
742,Binance,BitCoin,9288.63,2019-11-02 02:38:01,1572662281506,406906019.0,0.0167,Percentage,BTC/USDT
739,Binance,BitCoin,9288.63,2019-11-02 02:37:45,1572662265635,406906019.0,0.0167,Percentage,BTC/USDT
736,Binance,BitCoin,9288.63,2019-11-02 02:37:29,1572662249781,406906019.0,0.0167,Percentage,BTC/USDT
733,Binance,BitCoin,9288.63,2019-11-02 02:37:13,1572662233777,406906019.0,0.0167,Percentage,BTC/USDT
730,Binance,BitCoin,9289.13,2019-11-02 02:36:57,1572662217872,406915630.0,0.0168,Percentage,BTC/USDT
727,Binance,BitCoin,9289.13,2019-11-02 02:36:41,1572662201951,406915630.0,0.0168,Percentage,BTC/USDT
724,Binance,BitCoin,9289.13,2019-11-02 02:36:25,1572662185817,406915630.0,0.0168,Percentage,BTC/USDT
721,Binance,BitCoin,9289.13,2019-11-02 02:36:09,1572662169830,406915630.0,0.0168,Percentage,BTC/USDT
718,Binance,BitCoin,9294.13,2019-11-02 02:35:54,1572662154002,406989072.0,0.0167,Percentage,BTC/USDT
715,Binance,BitCoin,9294.13,2019-11-02 02:35:38,1572662138070,406989072.0,0.0167,Percentage,BTC/USDT
712,Binance,BitCoin,9294.13,2019-11-02 02:35:22,1572662122231,406989072.0,0.0167,Percentage,BTC/USDT
709,Binance,BitCoin,9294.13,2019-11-02 02:35:06,1572662106335,406989072.0,0.0167,Percentage,BTC/USDT
706,Binance,BitCoin,9291.39,2019-11-02 02:34:50,1572662090511,406991503.0,0.0168,Percentage,BTC/USDT
703,Binance,BitCoin,9291.39,2019-11-02 02:34:34,1572662074604,406991503.0,0.0168,Percentage,BTC/USDT
700,Binance,BitCoin,9291.39,2019-11-02 02:34:18,1572662058794,406991503.0,0.0168,Percentage,BTC/USDT
697,Binance,BitCoin,9291.39,2019-11-02 02:34:02,1572662042855,406991503.0,0.0168,Percentage,BTC/USDT
694,Binance,BitCoin,9288.84,2019-11-02 02:33:46,1572662026879,407095186.0,0.0168,Percentage,BTC/USDT
691,Binance,BitCoin,9288.84,2019-11-02 02:33:30,1572662010859,407095186.0,0.0168,Percentage,BTC/USDT
688,Binance,BitCoin,9288.84,2019-11-02 02:33:14,1572661994734,407095186.0,0.0168,Percentage,BTC/USDT
685,Binance,BitCoin,9288.84,2019-11-02 02:32:58,1572661978795,407095186.0,0.0,Spot,BTC/USDT
682,Binance,BitCoin,9290.32,2019-11-02 02:32:40,1572661960739,407282150.0,0.0168,Percentage,BTC/USDT
679,Binance,BitCoin,9290.32,2019-11-02 02:32:23,1572661943914,407282150.0,0.0168,Percentage,BTC/USDT
676,Binance,BitCoin,9290.32,2019-11-02 02:32:08,1572661928049,407282150.0,0.0168,Percentage,BTC/USDT
673,Binance,BitCoin,9287.29,2019-11-02 02:31:51,1572661911980,407259773.0,0.0168,Percentage,BTC/USDT
670,Binance,BitCoin,9287.29,2019-11-02 02:31:36,1572661896059,407259773.0,0.0168,Percentage,BTC/USDT
667,Binance,BitCoin,9287.29,2019-11-02 02:31:20,1572661880113,407259773.0,0.0168,Percentage,BTC/USDT
664,Binance,BitCoin,9287.29,2019-11-02 02:31:04,1572661864190,407259773.0,0.0168,Percentage,BTC/USDT
661,Binance,BitCoin,9285.92,2019-11-02 02:30:48,1572661848319,407237592.0,0.0168,Percentage,BTC/USDT
658,Binance,BitCoin,9285.92,2019-11-02 02:30:32,1572661832419,407237592.0,0.0168,Percentage,BTC/USDT
655,Binance,BitCoin,9285.92,2019-11-02 02:30:16,1572661816477,407237592.0,0.0168,Percentage,BTC/USDT
652,Binance,BitCoin,9285.92,2019-11-02 02:30:00,1572661800561,407237592.0,0.0168,Percentage,BTC/USDT
649,Binance,BitCoin,9288.76,2019-11-02 02:29:44,1572661784694,407098168.0,0.0168,Percentage,BTC/USDT
646,Binance,BitCoin,9288.76,2019-11-02 02:29:28,1572661768694,407098168.0,0.0168,Percentage,BTC/USDT
643,Binance,BitCoin,9288.76,2019-11-02 02:29:12,1572661752764,407098168.0,0.0168,Percentage,BTC/USDT
640,Binance,BitCoin,9288.76,2019-11-02 02:28:56,1572661736863,407098168.0,0.0168,Percentage,BTC/USDT
637,Binance,BitCoin,9291.08,2019-11-02 02:28:40,1572661720920,407296135.0,0.0168,Percentage,BTC/USDT
634,Binance,BitCoin,9291.08,2019-11-02 02:28:24,1572661704995,407296135.0,0.0168,Percentage,BTC/USDT
631,Binance,BitCoin,9291.08,2019-11-02 02:28:09,1572661689061,407296135.0,0.0168,Percentage,BTC/USDT
628,Binance,BitCoin,9291.08,2019-11-02 02:27:53,1572661673191,407296135.0,0.0168,Percentage,BTC/USDT
625,Binance,BitCoin,9285.67,2019-11-02 02:27:37,1572661657234,406725935.0,0.0168,Percentage,BTC/USDT
622,Binance,BitCoin,9285.67,2019-11-02 02:27:21,1572661641415,406725935.0,0.0168,Percentage,BTC/USDT
619,Binance,BitCoin,9285.67,2019-11-02 02:27:05,1572661625472,406725935.0,0.0168,Percentage,BTC/USDT
616,Binance,BitCoin,9285.67,2019-11-02 02:26:49,1572661609433,406725935.0,0.0168,Percentage,BTC/USDT
613,Binance,BitCoin,9293.86,2019-11-02 02:26:33,1572661593498,406649546.0,0.0168,Percentage,BTC/USDT
610,Binance,BitCoin,9293.86,2019-11-02 02:26:17,1572661577634,406649546.0,0.0168,Percentage,BTC/USDT
607,Binance,BitCoin,9293.86,2019-11-02 02:26:01,1572661561740,406649546.0,0.0168,Percentage,BTC/USDT
604,Binance,BitCoin,9293.86,2019-11-02 02:25:45,1572661545892,406649546.0,0.0168,Percentage,BTC/USDT
601,Binance,BitCoin,9298.07,2019-11-02 02:25:30,1572661530020,406562152.0,0.0168,Percentage,BTC/USDT
598,Binance,BitCoin,9298.07,2019-11-02 02:25:14,1572661514144,406562152.0,0.0168,Percentage,BTC/USDT
595,Binance,BitCoin,9298.07,2019-11-02 02:24:57,1572661497937,406562152.0,0.0168,Percentage,BTC/USDT
592,Binance,BitCoin,9298.07,2019-11-02 02:24:41,1572661481095,406562152.0,0.0168,Spot,BTC/USDT
589,Binance,BitCoin,9298.04,2019-11-02 02:24:24,1572661464084,406027631.0,0.0167,Percentage,BTC/USDT
586,Binance,BitCoin,9298.04,2019-11-02 02:24:07,1572661447891,406027631.0,0.0167,Percentage,BTC/USDT
583,Binance,BitCoin,9295.35,2019-11-02 02:23:17,1572661397955,406066223.0,0.0167,Percentage,BTC/USDT
580,Binance,BitCoin,9295.35,2019-11-02 02:23:02,1572661382131,406066223.0,0.0167,Percentage,BTC/USDT
577,Binance,BitCoin,9295.35,2019-11-02 02:22:46,1572661366258,406066223.0,0.0167,Percentage,BTC/USDT
574,Binance,BitCoin,9295.35,2019-11-02 02:22:30,1572661350380,406066223.0,0.0167,Percentage,BTC/USDT
571,Binance,BitCoin,9292.64,2019-11-02 02:22:13,1572661333474,405948114.0,0.0167,Percentage,BTC/USDT
568,Binance,BitCoin,9292.64,2019-11-02 02:21:57,1572661317594,405948114.0,0.0167,Percentage,BTC/USDT
566,Binance,BitCoin,9292.64,2019-11-02 02:21:41,1572661301765,405948114.0,0.0167,Percentage,BTC/USDT
563,Binance,BitCoin,9291.5,2019-11-02 02:21:25,1572661285899,405974916.0,0.0167,Percentage,BTC/USDT
560,Binance,BitCoin,9291.5,2019-11-02 02:21:10,1572661270014,405974916.0,0.0167,Percentage,BTC/USDT
557,Binance,BitCoin,9291.5,2019-11-02 02:20:54,1572661254108,405974916.0,0.0167,Percentage,BTC/USDT
554,Binance,BitCoin,9291.5,2019-11-02 02:20:38,1572661238151,405974916.0,0.0167,Percentage,BTC/USDT
551,Binance,BitCoin,9290.12,2019-11-02 02:20:22,1572661222185,406085653.0,0.0167,Percentage,BTC/USDT
548,Binance,BitCoin,9290.12,2019-11-02 02:20:06,1572661206318,406085653.0,0.0167,Percentage,BTC/USDT
545,Binance,BitCoin,9290.12,2019-11-02 02:19:50,1572661190421,406085653.0,0.0167,Percentage,BTC/USDT
542,Binance,BitCoin,9290.12,2019-11-02 02:19:34,1572661174614,406085653.0,0.0167,Percentage,BTC/USDT
539,Binance,BitCoin,9287.86,2019-11-02 02:19:18,1572661158705,407731717.0,0.0,Spot,BTC/USDT
536,Binance,BitCoin,9287.86,2019-11-02 02:19:02,1572661142810,407731717.0,0.0168,Percentage,BTC/USDT
533,Binance,BitCoin,9287.86,2019-11-02 02:18:46,1572661126676,407731717.0,0.0168,Percentage,BTC/USDT
530,Binance,BitCoin,9287.86,2019-11-02 02:18:30,1572661110803,407731717.0,0.0168,Percentage,BTC/USDT
527,Binance,BitCoin,9297.71,2019-11-02 02:18:14,1572661094815,407958116.0,0.0168,Percentage,BTC/USDT
524,Binance,BitCoin,9297.71,2019-11-02 02:17:58,1572661078965,407958116.0,0.0168,Percentage,BTC/USDT
521,Binance,BitCoin,9297.71,2019-11-02 02:17:43,1572661063031,407958116.0,0.0168,Percentage,BTC/USDT
518,Binance,BitCoin,9297.71,2019-11-02 02:17:27,1572661047138,407958116.0,0.0168,Percentage,BTC/USDT
515,Binance,BitCoin,9296.37,2019-11-02 02:17:11,1572661031233,408111893.0,0.0168,Percentage,BTC/USDT
512,Binance,BitCoin,9296.37,2019-11-02 02:16:55,1572661015369,408111893.0,0.0168,Percentage,BTC/USDT
509,Binance,BitCoin,9296.37,2019-11-02 02:16:39,1572660999502,408111893.0,0.0168,Percentage,BTC/USDT
506,Binance,BitCoin,9296.37,2019-11-02 02:16:23,1572660983637,408111893.0,0.0168,Percentage,BTC/USDT
503,Binance,BitCoin,9301.13,2019-11-02 02:16:07,1572660967809,408326192.0,0.0168,Percentage,BTC/USDT
500,Binance,BitCoin,9301.13,2019-11-02 02:15:51,1572660951910,408326192.0,0.0168,Percentage,BTC/USDT
497,Binance,BitCoin,9301.13,2019-11-02 02:15:36,1572660936024,408326192.0,0.0168,Percentage,BTC/USDT
494,Binance,BitCoin,9297.04,2019-11-02 02:15:20,1572660920166,408693251.0,0.0168,Percentage,BTC/USDT
491,Binance,BitCoin,9297.04,2019-11-02 02:15:04,1572660904309,408693251.0,0.0168,Percentage,BTC/USDT
488,Binance,BitCoin,9297.04,2019-11-02 02:14:48,1572660888424,408693251.0,0.0168,Spot,BTC/USDT
485,Binance,BitCoin,9297.04,2019-11-02 02:14:32,1572660872572,408693251.0,0.0168,Percentage,BTC/USDT
482,Binance,BitCoin,9297.04,2019-11-02 02:14:16,1572660856614,408693251.0,0.0168,Percentage,BTC/USDT
479,Binance,BitCoin,9292.66,2019-11-02 02:14:00,1572660840756,408628332.0,0.0168,Percentage,BTC/USDT
476,Binance,BitCoin,9292.66,2019-11-02 02:13:44,1572660824797,408628332.0,0.0168,Percentage,BTC/USDT
473,Binance,BitCoin,9292.66,2019-11-02 02:13:28,1572660808997,408628332.0,0.0168,Percentage,BTC/USDT
470,Binance,BitCoin,9292.66,2019-11-02 02:13:13,1572660793097,408628332.0,0.0168,Percentage,BTC/USDT
467,Binance,BitCoin,9301.23,2019-11-02 02:12:56,1572660776268,408735183.0,0.0168,Percentage,BTC/USDT
464,Binance,BitCoin,9301.23,2019-11-02 02:12:40,1572660760371,408735183.0,0.0168,Percentage,BTC/USDT
